# Art sprint fetch/process plan (docs/art-sprint-spec.md). Tier F — private build only, never ships.
# Columns: asset_id	out	w	h	mode	focus	pick	rank	source	wiki_title	frame_pct	register
# mode: cover (crop to fill) | contain (fit + pad: flat card-bg for /cards/, transparent for icons) | raw (copy untouched)
#       | cover_autocrop (crop to the art's content FIRST, then fit -- for splash/Wish sources that
#         float the figure in a transparent void; focus carries `cover|contain[@margin]`, default cover@0.06)
# focus: center | top; optional @ZOOM suffix (e.g. center@1.5) punches the crop into the frame (VFX gifs)
# pick: auto (rank 1 goes straight to `out`) | shortlist (all ranks render to art/candidates/<asset_id>/ for the contact sheet)
# source: png | gif (frame_pct = % through the clip) | svg (rendered; falls back to same-name .png)
# register (docs/art-taste-pass.md): sticker|item|vfx|tcg|splash|icon — the pick's art class; art_lint enforces
#   class rules on effective picks (no icon on cards, item=>contain, gif=>frame_pct, unique source+frame).
#
# ---------- CARDS: direct official matches (auto) ----------
kaboom	ImageGen/images/cards/klee/kaboom.png	500	380	cover	top	auto	1	png	Klee Character Card.png		tcg
jumpy_dumpty	ImageGen/images/cards/klee/jumpy_dumpty.png	500	380	contain	center	auto	1	png	Dodoco's Bomb-Tastic Adventure Tomato Pepper Jumpy Dumpty.png		item
sparks_n_splash	ImageGen/images/cards/klee/sparks_n_splash.png	500	380	cover	top	auto	1	png	Character Klee Full Wish.png		splash
hide_and_seek	ImageGen/images/cards/klee/hide_and_seek.png	500	380	cover	center	auto	1	png	Namecard Background Celebration Peekaboo!.png		splash
explosives_workshop	ImageGen/images/cards/klee/explosives_workshop.png	500	380	cover	center	auto	1	png	Namecard Background Klee Explosive.png		splash
# ---------- CARDS: shortlists (contact sheet; rank 1 = effective pick) ----------
duck_and_cover	ImageGen/images/cards/klee/duck_and_cover.png	500	380	cover	center	shortlist	1	png	Icon Emoji Paimon's Paintings 25 Klee 2.png		sticker
duck_and_cover	ImageGen/images/cards/klee/duck_and_cover.png	500	380	cover	top	shortlist	2	png	Klee Birthday 2020 2.png		splash
duck_and_cover	ImageGen/images/cards/klee/duck_and_cover.png	500	380	contain	center	shortlist	3	png	Item Imaginary Friend Dodoco.png		item
secret_stash	ImageGen/images/cards/klee/secret_stash.png	500	380	cover_autocrop	contain	shortlist	1	png	Item Kaboom Box.png		item
# YIELDED 2026-07-21: pop r1 was Item Kaboom Box; the red-pen gave the box to
# secret_stash ("stash" = box) and pop's claim was r1 seniority only. Left
# commented rather than deleted, and r2/r3 left at THEIR OWN ranks rather than
# renumbered -- promoting r2 to the vacancy would be a taste call nobody made.
# pop therefore has no effective pick and renders no portrait until the rehunt
# lands; null-safe governs, and the gallery lists it under MISSING ART.
# pop	ImageGen/images/cards/klee/pop.png	500	380	contain	center	shortlist	1	png	Item Kaboom Box.png		item
pop	ImageGen/images/cards/klee/pop.png	500	380	cover	center	shortlist	2	gif	Jumpy Dumpty Preview.gif	30	vfx
pop	ImageGen/images/cards/klee/pop.png	500	380	contain	center	shortlist	3	png	Dodoco's Bomb-Tastic Adventure Mint Jelly Jumpy Dumpty.png		item
mine_toss	ImageGen/images/cards/klee/mine_toss.png	500	380	contain	center	shortlist	1	png	Dodoco's Bomb-Tastic Adventure Krash-Kaboom Mine.png		item
mine_toss	ImageGen/images/cards/klee/mine_toss.png	500	380	contain	center	shortlist	2	png	Dodoco's Bomb-Tastic Adventure Krash-Kaboom Mine AoE.png		item
fish_flavored_bait	ImageGen/images/cards/klee/fish_flavored_bait.png	500	380	contain	center	shortlist	1	png	Item Fish-Flavored Toast.png		item
fish_flavored_bait	ImageGen/images/cards/klee/fish_flavored_bait.png	500	380	contain	center	shortlist	2	png	Item Dodoco's Beach Nap.png		item
quick_fuse	ImageGen/images/cards/klee/quick_fuse.png	500	380	contain	center	shortlist	1	png	Item Special Jumpy Dumpty Dodoco.png		item
quick_fuse	ImageGen/images/cards/klee/quick_fuse.png	500	380	contain	center	shortlist	2	png	Item Kaboom King.png		item
ammo_scavenging	ImageGen/images/cards/klee/ammo_scavenging.png	500	380	contain	center	shortlist	1	png	Item Dodoco's Travel Bag.png		item
ammo_scavenging	ImageGen/images/cards/klee/ammo_scavenging.png	500	380	contain	center	shortlist	2	png	Item Dodoco's Collection Cupboard.png		item
ammo_scavenging	ImageGen/images/cards/klee/ammo_scavenging.png	500	380	contain	center	shortlist	3	png	Item Kaboom Box.png		item
bomb_voyage	ImageGen/images/cards/klee/bomb_voyage.png	500	380	contain	center	shortlist	1	png	Item Dodoco's Bomb-Tastic Adventure.png		item
bomb_voyage	ImageGen/images/cards/klee/bomb_voyage.png	500	380	contain	center	shortlist	2	png	Dodoco's Bomb-Tastic Adventure Tomato Pepper Jumpy Dumpty.png		item
bomb_voyage	ImageGen/images/cards/klee/bomb_voyage.png	500	380	contain	center	shortlist	3	png	Item Let's Go, Dodoco!.png		item
big_badda_boom	ImageGen/images/cards/klee/big_badda_boom.png	500	380	cover_autocrop	cover@0.06	shortlist	1	png	Klee Wish.png		splash
blast_radius	ImageGen/images/cards/klee/blast_radius.png	500	380	cover	top@1.15	auto	1	png	Starlit Sky Firework Card 2.png		splash
# blast_radius r2 (Plunging gif) retired with the r1 board-diagram pick: worknote 2026-07-20 item 4.1
sorry_jean	ImageGen/images/cards/klee/sorry_jean.png	500	380	cover	center	shortlist	1	png	Icon Emoji Paimon's Paintings 07 Klee 2.png		sticker
sorry_jean	ImageGen/images/cards/klee/sorry_jean.png	500	380	cover	center	shortlist	2	png	Icon Emoji Paimon's Paintings 25 Klee 1.png		sticker
sorry_jean	ImageGen/images/cards/klee/sorry_jean.png	500	380	cover	top	shortlist	3	png	Klee Birthday 2020.png		splash
remote_detonator	ImageGen/images/cards/klee/remote_detonator.png	500	380	contain	center	shortlist	1	png	Item Kaboom King.png		item
remote_detonator	ImageGen/images/cards/klee/remote_detonator.png	500	380	contain	center	shortlist	2	png	Item Dodoco's Marvelous Magic.png		item
sparkly_treasure	ImageGen/images/cards/klee/sparkly_treasure.png	500	380	contain	center	shortlist	1	png	Item Sparkly Shiny Dodoco!.png		item
sparkly_treasure	ImageGen/images/cards/klee/sparkly_treasure.png	500	380	cover	center	shortlist	2	png	Icon Emoji Paimon's Paintings 07 Klee 1.png		sticker
sparkly_treasure	ImageGen/images/cards/klee/sparkly_treasure.png	500	380	cover	top	shortlist	3	png	Klee Birthday 2024.png		splash
pocket_fireworks	ImageGen/images/cards/klee/pocket_fireworks.png	500	380	contain	center	shortlist	1	png	Item Fizzy Fireworks.png		item
pocket_fireworks	ImageGen/images/cards/klee/pocket_fireworks.png	500	380	contain	center	shortlist	2	png	Item Glimmering Firework.png		item
pocket_fireworks	ImageGen/images/cards/klee/pocket_fireworks.png	500	380	contain	center	shortlist	3	png	Item Leisurely Fireworks.png		item
crackle	ImageGen/images/cards/klee/crackle.png	500	380	contain	center	shortlist	1	png	Pounding Surprise Explosive Spark Effect.png		vfx
crackle	ImageGen/images/cards/klee/crackle.png	500	380	contain	center	shortlist	2	png	Item Supersized Firework.png		item
# Bomb-op batch (2026-07-20): chain_fuse, careful_arrangement, and
# chained_reactions entered the pool with NO art rows -- all three ship
# portrait-less (null-safe governs) and need hunts at the art pass.
# Hunt notes: chain_fuse = linked/sequenced charges; careful_arrangement =
# deliberate bomb placement/tidying (Dodoco arranging?); chained_reactions =
# cascade/chain-explosion VFX. quick_fuse and remote_detonator already
# carry shortlists.
# bright_idea unblocked by the R36 discard op (draw 3, discard 1). REHUNT
# (vibe-check ruling 2026-07-20): both candidates confirmed weak by eyes (r1
# generic cheer, r2 reads as crying/panic -- the opposite of the card). Hunt
# term: a REALIZATION gesture -- exclamation, lightbulb, raised-finger --
# across the emoji/sticker sets. r1 stays placeholder (ships portrait-less,
# null-safe governs) until the hunt lands at the art pass. NO rank 1 row on
# purpose: an effective pick here tripped L1 (r1 is eager_to_help's pick) and
# L3 (icon register on a card slot) -- the dead placeholder was masquerading
# as a real pick. The rehunt's winner takes rank 1.
bright_idea	ImageGen/images/cards/klee/bright_idea.png	500	380	contain	center	shortlist	2	png	Icon Emoji Paimon's Paintings 07 Klee 3.png		icon
bright_idea	ImageGen/images/cards/klee/bright_idea.png	500	380	contain	center	shortlist	3	png	Sparkling Steps 2021-06-09 - Klee Emoji 1.png		icon
spark_collection	ImageGen/images/cards/klee/spark_collection.png	500	380	contain	center	shortlist	1	png	Item Dodoco's Marvelous Magic.png		item
spark_collection	ImageGen/images/cards/klee/spark_collection.png	500	380	contain	center	shortlist	2	png	Item Dodoco's Duet.png		item
spark_collection	ImageGen/images/cards/klee/spark_collection.png	500	380	cover	center	shortlist	3	png	Icon Emoji Paimon's Paintings 25 Klee 2.png		sticker
skip_and_hop	ImageGen/images/cards/klee/skip_and_hop.png	500	380	cover	top	shortlist	1	png	Klee Birthday 2020 2.png		splash
skip_and_hop	ImageGen/images/cards/klee/skip_and_hop.png	500	380	cover	center	shortlist	2	png	Icon Emoji Paimon's Paintings 07 Klee 4.png		sticker
skip_and_hop	ImageGen/images/cards/klee/skip_and_hop.png	500	380	cover	center	shortlist	3	png	Sparkling Steps 2021-06-09 - Klee Emoji 1.png		sticker
rapid_fire	ImageGen/images/cards/klee/rapid_fire.png	500	380	cover	center	shortlist	1	png	Sparkling Steps 2021-06-09 - Klee Emoji 3.png		sticker
eager_to_help	ImageGen/images/cards/klee/eager_to_help.png	500	380	cover	center	shortlist	1	png	Icon Emoji Paimon's Paintings 07 Klee 3.png		sticker
eager_to_help	ImageGen/images/cards/klee/eager_to_help.png	500	380	cover	center	shortlist	2	png	Sparkling Steps 2021-06-09 - Klee Emoji 2.png		sticker
eager_to_help	ImageGen/images/cards/klee/eager_to_help.png	500	380	cover	top	shortlist	3	png	Klee Birthday 2023.png		splash
cant_catch_me	ImageGen/images/cards/klee/cant_catch_me.png	500	380	cover	top	shortlist	1	png	Klee Birthday 2021.png		splash
cant_catch_me	ImageGen/images/cards/klee/cant_catch_me.png	500	380	cover	center	shortlist	2	png	Icon Emoji Paimon's Paintings 46 Klee 1.png		sticker
cant_catch_me	ImageGen/images/cards/klee/cant_catch_me.png	500	380	cover	center	shortlist	3	png	Sparkling Steps 2021-06-09 - Klee Emoji 3.png		sticker
endless_fireworks	ImageGen/images/cards/klee/endless_fireworks.png	500	380	contain	center	shortlist	1	png	Item Slumbering Fireworks.png		item
endless_fireworks	ImageGen/images/cards/klee/endless_fireworks.png	500	380	contain	center	shortlist	2	png	Item Fireworks Dance Amidst a Snowy Sky.png		item
gleeful_barrage	ImageGen/images/cards/klee/gleeful_barrage.png	500	380	cover	center	shortlist	1	png	Klee Birthday 2024.png		splash
gleeful_barrage	ImageGen/images/cards/klee/gleeful_barrage.png	500	380	contain	center	shortlist	2	png	Item Jumbo Sparks 'n' Splash Statue.png		item
sizzle	ImageGen/images/cards/klee/sizzle.png	500	380	contain	center	shortlist	1	png	Item Dodoco's Dodo Stove.png		item
combustion_study	ImageGen/images/cards/klee/combustion_study.png	500	380	contain	center	shortlist	1	png	Item Klee Explosive.png		item
combustion_study	ImageGen/images/cards/klee/combustion_study.png	500	380	contain	center	shortlist	2	png	Item Naganohara Fireworks Note.png		item
combustion_study	ImageGen/images/cards/klee/combustion_study.png	500	380	cover	center	shortlist	3	png	Namecard Background Klee Explosive.png		splash
perfect_timing	ImageGen/images/cards/klee/perfect_timing.png	500	380	cover	center	shortlist	1	png	Icon Emoji Paimon's Paintings 25 Klee 3.png		sticker
perfect_timing	ImageGen/images/cards/klee/perfect_timing.png	500	380	cover	center	shortlist	2	png	Sparkling Steps 2021-06-09 - Klee Emoji 1.png		sticker
boom_goes_the_dynamite	ImageGen/images/cards/klee/boom_goes_the_dynamite.png	500	380	contain	center	shortlist	1	png	Item Supersized Firework.png		item
boom_goes_the_dynamite	ImageGen/images/cards/klee/boom_goes_the_dynamite.png	500	380	cover	center@1.4	shortlist	2	gif	Kaboom! Plunging Preview.gif	55	vfx
boom_goes_the_dynamite	ImageGen/images/cards/klee/boom_goes_the_dynamite.png	500	380	contain	center	shortlist	3	png	Dodoco's Bomb-Tastic Adventure Krash-Kaboom Mine AoE.png		item
flame_dance	ImageGen/images/cards/klee/flame_dance.png	500	380	contain	center	shortlist	1	png	Item Fireworks Dance Amidst a Snowy Sky.png		item
kaboom_beetle_swarm	ImageGen/images/cards/klee/kaboom_beetle_swarm.png	500	380	contain	center	shortlist	1	png	Dodoco's Bomb-Tastic Adventure Tomato Pepper Jumpy Dumpty AoE.png		item
elemental_ecstasy	ImageGen/images/cards/klee/elemental_ecstasy.png	500	380	cover_autocrop	cover@0.06	shortlist	1	png	Klee Birthday 2025.png		splash
blazing_delight	ImageGen/images/cards/klee/blazing_delight.png	500	380	cover	top	shortlist	2	png	Klee Multi Wish.png		splash
spirited_away	ImageGen/images/cards/klee/spirited_away.png	500	380	contain	center	shortlist	1	png	Item Dodoco's Summertime.png		item
spirited_away	ImageGen/images/cards/klee/spirited_away.png	500	380	cover	center	shortlist	2	png	Icon Emoji Paimon's Paintings 46 Klee 1.png		sticker
spirited_away	ImageGen/images/cards/klee/spirited_away.png	500	380	cover	top	shortlist	3	png	Klee Birthday 2020 2.png		splash
# ---------- CARDS: C2 sheet additions (2026-07-20; taste-pass re-picks applied) ----------
double_pop	ImageGen/images/cards/klee/double_pop.png	500	380	contain	center	auto	1	png	Dodoco's Bomb-Tastic Adventure Mint Jelly Jumpy Dumpty.png		item
# Burst spike (2026-07-20): clockwork_toy unblocked by the burst_energy op.
clockwork_toy	ImageGen/images/cards/klee/clockwork_toy.png	500	380	contain	center	shortlist	1	png	Item Imaginary Friend Dodoco.png		item
alchemical_curiosity	ImageGen/images/cards/klee/alchemical_curiosity.png	500	380	contain	center	auto	1	png	Item Naganohara Fireworks Note.png		item
run_away	ImageGen/images/cards/klee/run_away.png	500	380	cover	center	auto	1	png	Icon Emoji Paimon's Paintings 46 Klee 1.png		sticker
jumpy_dumpty_mk2	ImageGen/images/cards/klee/jumpy_dumpty_mk2.png	500	380	cover	center	auto	1	png	JTP Encounter Jumpy Dumpty.png		splash
bombs_away	ImageGen/images/cards/klee/bombs_away.png	500	380	cover	center@1.3	auto	1	gif	Kaboom! Plunging Preview.gif	45	vfx
cluster_charge	ImageGen/images/cards/klee/cluster_charge.png	500	380	cover	top@1.15	auto	1	png	Starlit Sky Firework Card 10.png		splash
flame_on_the_wick	ImageGen/images/cards/klee/flame_on_the_wick.png	500	380	contain	center	auto	1	png	Item Leisurely Fireworks.png		item
no_holding_back	ImageGen/images/cards/klee/no_holding_back.png	500	380	cover	top	auto	1	png	Klee Multi Wish.png		splash
# ---------- CARDS: spark-set additions (taste-pass re-picks applied; da_da_da and
# hot_hands became shortlists — their sticker candidates need an eyeball) ----------
snap	ImageGen/images/cards/klee/snap.png	500	380	cover	center	auto	1	png	Icon Emoji Paimon's Paintings 25 Klee 1.png		sticker
da_da_da	ImageGen/images/cards/klee/da_da_da.png	500	380	cover	center	shortlist	1	png	Icon Emoji Paimon's Paintings 07 Klee 1.png		sticker
da_da_da	ImageGen/images/cards/klee/da_da_da.png	500	380	cover	center	shortlist	2	png	Sparkling Steps 2021-06-09 - Klee Emoji 3.png		sticker
hot_hands	ImageGen/images/cards/klee/hot_hands.png	500	380	cover	center@1.5	shortlist	1	png	Klee Birthday 2020.png		splash
hot_hands	ImageGen/images/cards/klee/hot_hands.png	500	380	cover	center	shortlist	2	png	Sparkling Steps 2021-06-09 - Klee Emoji 2.png		sticker
warm_glow	ImageGen/images/cards/klee/warm_glow.png	500	380	cover	center	auto	1	png	Klee Birthday 2023.png		splash
all_my_treasures	ImageGen/images/cards/klee/all_my_treasures.png	500	380	contain	center	auto	1	png	Item Dodoco's Collection Cupboard.png		item
# ---------- CARDS: power-card pass (2026-07-20) ----------
# Six power cards predate no portrait row (the sprint ran while they were
# blocked). Picks below are thematic reads on free sources; the 2026-07-20
# art vibe-check ruling PASSED playtime_forever, vermillion_pact, and
# true_spark_knight as-is, and REPLACED two:
#   spark_knight_style <- Klee Character Card (regular TCG card; pairs with
#     true_spark_knight's golden card: regular = the Style, golden = the
#     True). Glimmering Firework RETIRED (teal Fontaine flora, wrong
#     everything -- confirmed by eyes).
#   catalytic_conversion <- Dodoco's Marvelous Magic, promoted from its
#     power icon (which keeps it; same-referent register-crossing is legal).
#     The Jumbo statue is now EXCLUSIVELY the Burst meter badge.
# RED-PEN (both collisions missed by the ruling's premises, parked in
# art_lint PENDING_RED_PEN -- resolve at the red-pen session):
#   a. Klee Character Card is ALSO kaboom's auto card pick (not "only a
#      model source"): kaboom re-picks, or spark_knight_style re-hunts.
#   b. Marvelous Magic is ALSO spark_collection's effective r1 -- and
#      spark_collection's r2 (Dodoco's Duet) is vermillion_pact's passed
#      r1, so it cannot quietly fall through either.
spark_knight_style	ImageGen/images/cards/klee/spark_knight_style.png	500	380	cover	top	shortlist	1	png	Klee Character Card.png		tcg
catalytic_conversion	ImageGen/images/cards/klee/catalytic_conversion.png	500	380	contain	center	shortlist	1	png	Item Dodoco's Marvelous Magic.png		item
explosive_frags	ImageGen/images/cards/klee/explosive_frags.png	500	380	contain	center	shortlist	1	png	Dodoco's Bomb-Tastic Adventure Krash-Kaboom Mine AoE.png		item
true_spark_knight	ImageGen/images/cards/klee/true_spark_knight.png	500	380	cover	top	shortlist	1	png	Klee Character Card Golden.png		tcg
vermillion_pact	ImageGen/images/cards/klee/vermillion_pact.png	500	380	contain	center	shortlist	1	png	Item Dodoco's Duet.png		item
playtime_forever	ImageGen/images/cards/klee/playtime_forever.png	500	380	contain	center	shortlist	1	png	Item Let's Go, Dodoco!.png		item
# ---------- COMPANIONS: TCG talent-card art where it exists (register 4) ----------
# Dahlia and Prune have no Genius Invokation equipment card; taste pass rules
# their official character-card/wish splashes in (register 5) over the dark,
# illegible talent-demo frames the first sprint used.
# dahlia_*: RESOLVED by the vibe-check ruling (2026-07-20) -- "hunt for an
# Equipment Card first; if none exists, take r1". The hunt already ran (no
# equipment card exists, recorded above), so r1 Character Card is ACCEPTED
# (legible; frame clash accepted) over r2 Wish (floats small at card scale).
# r2/r3 are dead unless a future red-pen revives them.
dahlia_sacramental_shower	ImageGen/images/cards/companions/dahlia_sacramental_shower.png	500	380	cover	top	shortlist	1	png	Dahlia Character Card.png		tcg
dahlia_sacramental_shower	ImageGen/images/cards/companions/dahlia_sacramental_shower.png	500	380	cover	top	shortlist	2	png	Dahlia Wish.png		splash
dahlia_sacramental_shower	ImageGen/images/cards/companions/dahlia_sacramental_shower.png	500	380	cover	top	shortlist	3	png	Character Dahlia Full Wish.png		splash
fischl_nightrider	ImageGen/images/cards/companions/fischl_nightrider.png	500	380	cover	center	auto	1	png	Stellar Predator Equipment Card.png		tcg
kaeya_frostgnaw	ImageGen/images/cards/companions/kaeya_frostgnaw.png	500	380	cover	center	auto	1	png	Cold-Blooded Strike Equipment Card.png		tcg
sucrose_gust	ImageGen/images/cards/companions/sucrose_gust.png	500	380	cover	center	auto	1	png	Chaotic Entropy Equipment Card.png		tcg
bennett_passion	ImageGen/images/cards/companions/bennett_passion.png	500	380	cover	center	auto	1	png	Grand Expectation Equipment Card.png		tcg
barbara_melody	ImageGen/images/cards/companions/barbara_melody.png	500	380	cover	center	auto	1	png	Glorious Season Equipment Card.png		tcg
prune_witch_hunt	ImageGen/images/cards/companions/prune_witch_hunt.png	500	380	cover	top	shortlist	1	png	Prune Wish.png		splash
prune_witch_hunt	ImageGen/images/cards/companions/prune_witch_hunt.png	500	380	cover	top	shortlist	2	png	Prune Card.png		tcg
prune_witch_hunt	ImageGen/images/cards/companions/prune_witch_hunt.png	500	380	cover	top	shortlist	3	png	Character Prune Full Wish.png		splash
# ---------- ICONS ----------
power_aura_pyro	ImageGen/images/powers/aura_pyro.png	256	256	contain	center	auto	1	svg	Element Pyro.svg		icon
power_aura_hydro	ImageGen/images/powers/aura_hydro.png	256	256	contain	center	auto	1	svg	Element Hydro.svg		icon
power_aura_cryo	ImageGen/images/powers/aura_cryo.png	256	256	contain	center	auto	1	svg	Element Cryo.svg		icon
power_aura_electro	ImageGen/images/powers/aura_electro.png	256	256	contain	center	auto	1	svg	Element Electro.svg		icon
power_aura_anemo	ImageGen/images/powers/aura_anemo.png	256	256	contain	center	auto	1	svg	Element Anemo.svg		icon
power_aura_geo	ImageGen/images/powers/aura_geo.png	256	256	contain	center	auto	1	svg	Element Geo.svg		icon
power_bomb	ImageGen/images/powers/bomb.png	256	256	contain	center	auto	1	png	Item Special Jumpy Dumpty Dodoco.png		icon
power_spark	ImageGen/images/powers/spark.png	256	256	contain	center	auto	1	png	Sparks 'n' Splash Buff Icon.png		icon
# Burst spike (2026-07-20): the meter badge. Jumbo statue = the Burst's own
# item render (register match: bomb/spark icons are item renders too); only
# other holder is gleeful_barrage at non-rendered shortlist rank 2.
power_burst	ImageGen/images/powers/burst.png	256	256	contain	center	auto	1	png	Item Jumbo Sparks 'n' Splash Statue.png		icon
# Power-card pass (2026-07-20): badge icons for the nine kit powers. Three
# come off the constellation redirect queue below (native icon-shaped sigils,
# exactly the slots the queue foresaw); the rest reuse each card's own item
# render so the badge visually recalls the card that applied it (L1 is
# cards-only, so card/icon sharing is legal -- power_burst/gleeful_barrage
# precedent). bomb_damage_up gets Kaboom Box (a workshop's box of charges)
# and spark_threshold_down gets Sparkly Shiny Dodoco! -- its tcg card
# portrait is no icon. reaction_bonus_spark_energy keeps Marvelous Magic
# (the conversion read) rather than its card's statue: the statue is
# already the burst badge, and two identical badges would defeat badge
# disambiguation. All flagged for red-pen with the cards.
power_bomb_damage_up	ImageGen/images/powers/bomb_damage_up.png	256	256	contain	center	auto	1	png	Item Kaboom Box.png		icon
power_detonation_splash	ImageGen/images/powers/detonation_splash.png	256	256	contain	center	auto	1	png	Constellation Blazing Delight.png		icon
power_detonation_vuln	ImageGen/images/powers/detonation_vuln.png	256	256	contain	center	auto	1	png	Constellation Explosive Frags.png		icon
power_bomb_and_spark_per_turn	ImageGen/images/powers/bomb_and_spark_per_turn.png	256	256	contain	center	auto	1	png	Item Let's Go, Dodoco!.png		icon
power_spark_per_turn	ImageGen/images/powers/spark_per_turn.png	256	256	contain	center	auto	1	png	Item Slumbering Fireworks.png		icon
power_zero_cost_attacks_up	ImageGen/images/powers/zero_cost_attacks_up.png	256	256	contain	center	auto	1	png	Constellation Nova Burst.png		icon
power_spark_threshold_down	ImageGen/images/powers/spark_threshold_down.png	256	256	contain	center	auto	1	png	Item Sparkly Shiny Dodoco!.png		icon
power_reaction_bonus_spark_energy	ImageGen/images/powers/reaction_bonus_spark_energy.png	256	256	contain	center	auto	1	png	Item Dodoco's Marvelous Magic.png		icon
power_amp_reaction_up	ImageGen/images/powers/amp_reaction_up.png	256	256	contain	center	auto	1	png	Item Dodoco's Duet.png		icon
# Kit sprint (2026-07-20): the Burst power's badge uses the ability's own
# in-game talent icon -- native icon-shaped art, the exact register, and
# unmistakably "the Burst is running" next to the burst meter badge.
power_sparks_n_splash	ImageGen/images/powers/sparks_n_splash.png	256	256	contain	center	auto	1	png	Talent Sparks 'n' Splash.png		icon
relic_pounding_surprise	ImageGen/images/relics/pounding_surprise.png	256	256	cover	top	auto	1	png	Pounding Surprise Equipment Card.png		icon
# Constellation-sigil redirect queue (taste pass: sigils are BANNED from card
# portraits but are native 128px icon-shaped art — they fill future C3 power
# and relic/upgrade icon slots as those land; keep the mapping here).
# 2026-07-20 power-card pass: Nova Burst, Blazing Delight and Explosive Frags
# came off the queue into the power icon rows above (Explosive Frags was
# queued as an upgrade icon; the power badge is the slot that actually
# exists, so it landed there).
#   chained_reactions relic  <- Constellation Chained Reactions.png
#   exquisite_compound relic <- Constellation Exquisite Compound.png
#   sparkly_explosion power  <- Constellation Sparkly Explosion.png
# ---------- UI ----------
select_portrait	ImageGen/images/ui/select_portrait.png	132	195	cover	top	auto	1	png	Character Klee Full Wish.png		splash
char_icon	ImageGen/images/ui/char_icon.png	88	88	cover	top	auto	1	png	Klee Icon.png		icon
energy_icon_large	ImageGen/images/ui/energy_icon_74.png	74	74	contain	center	auto	1	svg	Element Pyro.svg		icon
energy_icon_small	ImageGen/images/ui/energy_icon_22.png	22	22	contain	center	auto	1	svg	Element Pyro.svg		icon
map_marker	ImageGen/images/ui/map_marker.png	49	64	cover	top	auto	1	png	Klee Side Icon.png		icon
selection_splash	ImageGen/images/ui/selection_splash.png	1920	1200	cover	center	auto	1	png	Klee Wish.png		splash
select_bg	ImageGen/images/ui/select_bg.png	1920	1080	cover	center	auto	1	png	Namecard Background Klee Explosive.png		splash
# ---------- COMBAT MODEL SOURCE (raw; hand-cut into layers per manifest recipe) ----------
combat_model	ImageGen/images/model/combat_model.png	240	280	sprite	center	auto	1	png	Character Klee Full Wish.png		splash
model_source_full_wish	ImageGen/images/model/character_klee_full_wish.png	0	0	raw	center	auto	1	png	Character Klee Full Wish.png		splash
model_source_tcg_alt	ImageGen/images/model/klee_character_card.png	0	0	raw	center	auto	1	png	Klee Character Card.png		splash

# --- Art red-pen round 3 (2026-07-21) -- PARKED, NOT ACTIVE ------------
# Every source round 3 locked is ALREADY the effective pick of a shipped
# card; the hunt treated the source pool as unclaimed. L1 caught all six.
# These rows are correct in mode/fit/register and were verified to render;
# they are commented out ONLY because enabling them would double-book art.
# Uncomment a row once the red-pen rules which card keeps the source (and
# re-point or retire the loser). See docs/klee-art-redpen-round3.md.
# RULED 2026-07-21 (user red-pen). One flip approved, five keeps confirmed.
# The five DECLINED rows stay dead below as the record of what was asked and
# refused -- do not re-propose these pairings; the challenger goes to rehunt.
# DECLINED: incumbent boom_goes_the_dynamite keeps Item Supersized Firework
# grand_finale	ImageGen/images/cards/klee/grand_finale.png	500	380	cover_autocrop	contain	shortlist	1	png	Item Supersized Firework.png		item
# DECLINED: incumbent crackle keeps Pounding Surprise Explosive Spark Effect
# tail_of_flame	ImageGen/images/cards/klee/tail_of_flame.png	500	380	cover_autocrop	cover@0.06	shortlist	1	png	Pounding Surprise Explosive Spark Effect.png		vfx
# DECLINED: incumbent warm_glow keeps Klee Birthday 2023 (an AUTO pick, the
# weakest claim in the table -- the red-pen upheld it anyway, on purpose)
# patched_dress	ImageGen/images/cards/klee/patched_dress.png	500	380	contain	center	shortlist	1	png	Klee Birthday 2023.png		splash
# DECLINED: incumbent cant_catch_me keeps Klee Birthday 2021
# sparkly_explosion	ImageGen/images/cards/klee/sparkly_explosion.png	500	380	cover_autocrop	cover@0.06	shortlist	1	png	Klee Birthday 2021.png		splash
# APPROVED -> the live row now sits with the cards, above. "stash" = box;
# pop's only claim was r1 seniority, so pop yielded and went to rehunt.
# DECLINED: incumbent fish_flavored_bait keeps Item Fish-Flavored Toast
# fish_blasting	ImageGen/images/cards/klee/fish_blasting.png	500	380	cover_autocrop	contain	shortlist	1	png	Item Fish-Flavored Toast.png		item
# ---------- FURINA batch 1 (identity: basics + generic + rares) ----------
# Sources enumerated from Category:Furina Images via tools/art_hunt.py, not guessed.
# source_group intentionally BLANK: Furina's own cards stay under strict L1.
soloists_solicitation	ImageGen/images/cards/furina/soloists_solicitation.png	500	380	cover_autocrop	cover@0.06	shortlist	1	png	Soloist's Prologue Computer Graphic.png		splash	
soloists_solicitation	ImageGen/images/cards/furina/soloists_solicitation.png	500	380	cover_autocrop	cover@0.06	shortlist	2	png	Character Furina Game (Ousia).png		tcg	
stage_presence	ImageGen/images/cards/furina/stage_presence.png	500	380	cover	y0.20	shortlist	1	png	Furina Portrait.png		splash	
stage_presence	ImageGen/images/cards/furina/stage_presence.png	500	380	cover_autocrop	cover@0.06	shortlist	2	png	Furina Card.png		splash	
regal_bearing	ImageGen/images/cards/furina/regal_bearing.png	500	380	cover	y0.20	shortlist	1	png	Furina Character Card.png		tcg	
regal_bearing	ImageGen/images/cards/furina/regal_bearing.png	500	380	cover_autocrop	cover@0.06	shortlist	2	png	Furina Expression 1.png		sticker	
regal_bearing	ImageGen/images/cards/furina/regal_bearing.png	500	380	cover_autocrop	cover@0.06	shortlist	3	png	Furina Introduction Banner.png		splash	
aria_of_recompense	ImageGen/images/cards/furina/aria_of_recompense.png	500	380	cover_autocrop	cover@0.06	shortlist	1	png	La vaguelette.png		splash	
aria_of_recompense	ImageGen/images/cards/furina/aria_of_recompense.png	500	380	cover_autocrop	cover@0.06	shortlist	2	png	Chanson of Many Waters.png		splash	
salon_debut	ImageGen/images/cards/furina/salon_debut.png	500	380	cover_autocrop	cover@0.06	shortlist	1	png	Salon Members Summon.png		tcg	
salon_debut	ImageGen/images/cards/furina/salon_debut.png	500	380	cover_autocrop	cover@0.06	shortlist	2	gif	Salon Solitaire Salon Members Preview.gif	50	vfx	
salon_debut	ImageGen/images/cards/furina/salon_debut.png	500	380	cover_autocrop	cover@0.06	shortlist	3	png	Opera Epiclese.png		splash	
graceful_retreat	ImageGen/images/cards/furina/graceful_retreat.png	500	380	cover_autocrop	cover@0.06	shortlist	1	png	Furina Expression 2.png		sticker	furina_pool
graceful_retreat	ImageGen/images/cards/furina/graceful_retreat.png	500	380	cover_autocrop	cover@0.06	shortlist	2	png	Savoring the Breeze Furina.png		splash	furina_pool
poised_riposte	ImageGen/images/cards/furina/poised_riposte.png	500	380	cover_autocrop	cover@0.06	shortlist	1	png	On-Hit Effect Furina.png		vfx	furina_pool
poised_riposte	ImageGen/images/cards/furina/poised_riposte.png	500	380	cover_autocrop	cover@0.06	shortlist	2	png	Character Furina Game (Pneuma).png		tcg	furina_pool
commanding_gaze	ImageGen/images/cards/furina/commanding_gaze.png	500	380	cover_autocrop	cover@0.06	shortlist	1	png	Furina Expression 3.png		sticker	furina_pool
commanding_gaze	ImageGen/images/cards/furina/commanding_gaze.png	500	380	cover_autocrop	cover@0.06	shortlist	2	png	Furina Expression 1.png		sticker	furina_pool
commanding_gaze	ImageGen/images/cards/furina/commanding_gaze.png	500	380	cover_autocrop	cover@0.06	shortlist	3	png	Furina Card 2.png		splash	furina_pool
witness_stand	ImageGen/images/cards/furina/witness_stand.png	500	380	cover_autocrop	cover@0.06	shortlist	1	png	Opera Epiclese Courtroom.png		splash	furina_pool
witness_stand	ImageGen/images/cards/furina/witness_stand.png	500	380	cover_autocrop	cover@0.06	shortlist	2	png	Opera Epiclese - Furina's Seat.png		splash	furina_pool
macaron_break	ImageGen/images/cards/furina/macaron_break.png	500	380	cover_autocrop	contain@0.08	shortlist	1	png	Item Rainbow Macarons.png		item	furina_pool
macaron_break	ImageGen/images/cards/furina/macaron_break.png	500	380	cover_autocrop	contain@0.08	shortlist	2	png	Rainbow Macarons Event Card.png		item	furina_pool
macaron_break	ImageGen/images/cards/furina/macaron_break.png	500	380	cover_autocrop	contain@0.08	shortlist	3	png	Item Furina Banquet.png		item	furina_pool
swelling_overture	ImageGen/images/cards/furina/swelling_overture.png	500	380	cover_autocrop	cover@0.06	shortlist	1	png	Chanson of Many Waters 2024-06-25 - Furina Shorts.png		splash	furina_pool
swelling_overture	ImageGen/images/cards/furina/swelling_overture.png	500	380	cover_autocrop	cover@0.06	shortlist	2	png	Furina Introduction Card.png		splash	furina_pool
fortissimo_guard	ImageGen/images/cards/furina/fortissimo_guard.png	500	380	cover	y0.16	shortlist	1	png	Furina Profile.png		splash	furina_pool
fortissimo_guard	ImageGen/images/cards/furina/fortissimo_guard.png	500	380	cover_autocrop	cover@0.06	shortlist	2	png	Furina Multi Wish.png		splash	furina_pool
fortissimo_guard	ImageGen/images/cards/furina/fortissimo_guard.png	500	380	cover_autocrop	cover@0.06	shortlist	3	png	Furina Wallpaper without Watermark.png		splash	furina_pool
courtroom_drama	ImageGen/images/cards/furina/courtroom_drama.png	500	380	cover	x0.40,y0.55	shortlist	1	png	Opera Epiclese Courtroom.png		splash	furina_pool
courtroom_drama	ImageGen/images/cards/furina/courtroom_drama.png	500	380	cover_autocrop	cover@0.06	shortlist	2	png	Opera Epiclese Courtroom.png		splash	furina_pool
quick_change	ImageGen/images/cards/furina/quick_change.png	500	380	cover_autocrop	cover@0.06	shortlist	1	png	Fragrant Fantasy Furina 1.png		splash	furina_pool
quick_change	ImageGen/images/cards/furina/quick_change.png	500	380	cover_autocrop	cover@0.06	shortlist	2	png	Fragrant Fantasy Furina 2.png		splash	furina_pool
quick_change	ImageGen/images/cards/furina/quick_change.png	500	380	cover_autocrop	cover@0.06	shortlist	3	png	Fragrant Fantasy Furina 3.png		splash	furina_pool
deep_breath	ImageGen/images/cards/furina/deep_breath.png	500	380	cover_autocrop	cover@0.06	shortlist	1	png	Furina Profile.png		splash	furina_pool
deep_breath	ImageGen/images/cards/furina/deep_breath.png	500	380	cover_autocrop	cover@0.06	shortlist	2	png	Tea Time Furina Preview.png		splash	furina_pool
deep_breath	ImageGen/images/cards/furina/deep_breath.png	500	380	cover_autocrop	cover@0.06	shortlist	3	png	New Year's Advice from Teyvat Furina.png		splash	furina_pool
let_the_people_rejoice	ImageGen/images/cards/furina/let_the_people_rejoice.png	500	380	cover	y0.29	shortlist	1	png	Furina Multi Wish.png		splash	
let_the_people_rejoice	ImageGen/images/cards/furina/let_the_people_rejoice.png	500	380	cover_autocrop	cover@0.06	shortlist	2	png	Character Furina Full Wish.png		splash	
let_the_people_rejoice	ImageGen/images/cards/furina/let_the_people_rejoice.png	500	380	cover_autocrop	cover@0.06	shortlist	3	gif	Salon Solitaire Pneuma Preview.gif	50	vfx	
encore_performance	ImageGen/images/cards/furina/encore_performance.png	500	380	cover_autocrop	cover@0.06	shortlist	1	png	Furina Wallpaper without Watermark.png		splash	
encore_performance	ImageGen/images/cards/furina/encore_performance.png	500	380	cover_autocrop	cover@0.06	shortlist	2	png	Furina Introduction Card 2.png		splash	
encore_performance	ImageGen/images/cards/furina/encore_performance.png	500	380	cover_autocrop	cover@0.06	shortlist	3	png	Coronated Prima Donna Pneuma Turnaround.png		splash	
singer_of_many_waters	ImageGen/images/cards/furina/singer_of_many_waters.png	500	380	cover_autocrop	cover@0.06	shortlist	1	png	Chanson of Many Waters.png		splash	
singer_of_many_waters	ImageGen/images/cards/furina/singer_of_many_waters.png	500	380	cover_autocrop	cover@0.06	shortlist	2	png	Character Furina Game (Pneuma).png		tcg	
unheard_confession	ImageGen/images/cards/furina/unheard_confession.png	500	380	cover_autocrop	cover@0.06	shortlist	1	png	Starlit Letter Portrait Furina.png		splash	
unheard_confession	ImageGen/images/cards/furina/unheard_confession.png	500	380	cover_autocrop	cover@0.06	shortlist	2	png	La vaguelette.png		splash	
endless_waltz	ImageGen/images/cards/furina/endless_waltz.png	500	380	cover_autocrop	cover@0.06	shortlist	1	gif	Salon Solitaire Salon Members Preview.gif	50	vfx	
endless_waltz	ImageGen/images/cards/furina/endless_waltz.png	500	380	cover_autocrop	cover@0.06	shortlist	2	gif	Salon Solitaire Water Walk Preview.gif	50	vfx	
grand_gala	ImageGen/images/cards/furina/grand_gala.png	500	380	cover_autocrop	cover@0.06	shortlist	1	png	Opera Epiclese.png		splash	
grand_gala	ImageGen/images/cards/furina/grand_gala.png	500	380	cover_autocrop	contain@0.08	shortlist	2	png	Item Furina Banquet.png		item	
the_sea_is_my_stage	ImageGen/images/cards/furina/the_sea_is_my_stage.png	500	380	cover	y0.27	shortlist	1	png	Furina Card.png		splash	
the_sea_is_my_stage	ImageGen/images/cards/furina/the_sea_is_my_stage.png	500	380	cover_autocrop	cover@0.06	shortlist	2	png	Furina Wallpaper without Watermark.png		splash	
universal_revelry	ImageGen/images/cards/furina/universal_revelry.png	500	380	cover	x0.50,y0.42	shortlist	1	png	2024 7 5 amusement park art.png		splash	
universal_revelry	ImageGen/images/cards/furina/universal_revelry.png	500	380	cover_autocrop	cover@0.06	shortlist	2	png	Tabletop Troupe Pros Furina.png		splash	
universal_revelry	ImageGen/images/cards/furina/universal_revelry.png	500	380	cover_autocrop	cover@0.06	shortlist	3	png	Seville Fair 2024.png		splash	
star_of_the_show	ImageGen/images/cards/furina/star_of_the_show.png	500	380	cover_autocrop	cover@0.06	shortlist	1	png	Furina Wish.png		splash	
star_of_the_show	ImageGen/images/cards/furina/star_of_the_show.png	500	380	cover_autocrop	cover@0.06	shortlist	2	png	Starlight Reverie Wallpaper Furina.png		splash	
star_of_the_show	ImageGen/images/cards/furina/star_of_the_show.png	500	380	cover_autocrop	cover@0.06	shortlist	3	png	Furina Introduction Banner 2.png		splash	
prima_donna	ImageGen/images/cards/furina/prima_donna.png	500	380	cover	y0.20	shortlist	1	png	Furina Character Card Platinum.png		tcg	
prima_donna	ImageGen/images/cards/furina/prima_donna.png	500	380	cover_autocrop	cover@0.06	shortlist	2	png	Coronated Prima Donna Ousia Turnaround.png		splash	
prima_donna	ImageGen/images/cards/furina/prima_donna.png	500	380	cover_autocrop	cover@0.06	shortlist	3	png	Starlit Letter Portrait Furina.png		splash	
high_tide	ImageGen/images/cards/furina/high_tide.png	500	380	cover_autocrop	cover@0.06	shortlist	1	png	Fragrant Fantasy Furina 2.png		splash	
high_tide	ImageGen/images/cards/furina/high_tide.png	500	380	cover_autocrop	cover@0.06	shortlist	2	png	On-Hit Effect Furina.png		vfx	
rain_of_roses	ImageGen/images/cards/furina/rain_of_roses.png	500	380	cover	y0.33	shortlist	1	png	Furina Birthday 2024.png		splash	
rain_of_roses	ImageGen/images/cards/furina/rain_of_roses.png	500	380	cover_autocrop	cover@0.06	shortlist	2	png	Furina Birthday 2025.png		splash	
the_final_verdict	ImageGen/images/cards/furina/the_final_verdict.png	500	380	cover_autocrop	cover@0.06	shortlist	1	png	Opera Epiclese (The Final Feast).png		splash	
the_final_verdict	ImageGen/images/cards/furina/the_final_verdict.png	500	380	cover_autocrop	cover@0.06	shortlist	2	png	Opera Epiclese Courtroom.png		splash	
command_performance	ImageGen/images/cards/furina/command_performance.png	500	380	cover_autocrop	cover@0.06	shortlist	1	png	Character Furina Full Wish.png		splash	
command_performance	ImageGen/images/cards/furina/command_performance.png	500	380	cover_autocrop	cover@0.06	shortlist	2	png	Furina Special Program Chibi.png		splash	
reginas_mercy	ImageGen/images/cards/furina/reginas_mercy.png	500	380	cover	y0.36	shortlist	1	png	Furina Card 2.png		splash	
reginas_mercy	ImageGen/images/cards/furina/reginas_mercy.png	500	380	cover_autocrop	cover@0.06	shortlist	2	png	Starlit Letter Portrait Furina.png		splash	
# ---------- FURINA batch 2 (salon + fanfare) ----------
# Sources enumerated via tools/art_hunt.py; source_group left BLANK so
# Furina's own cards stay under strict L1 (requirements sec.2).
gentilhomme_usher	ImageGen/images/cards/furina/gentilhomme_usher.png	500	380	cover_autocrop	cover@0.06	shortlist	1	gif	Salon Solitaire Ousia Preview.gif	50	vfx	furina_pool
gentilhomme_usher	ImageGen/images/cards/furina/gentilhomme_usher.png	500	380	cover_autocrop	cover@0.06	shortlist	2	gif	Salon Solitaire Plunging Water Preview.gif	50	vfx	furina_pool
gentilhomme_usher	ImageGen/images/cards/furina/gentilhomme_usher.png	500	380	cover_autocrop	cover@0.06	shortlist	3	png	Namecard Background Furina Banquet.png		splash	furina_pool
surintendante_chevalmarin	ImageGen/images/cards/furina/surintendante_chevalmarin.png	500	380	cover_autocrop	contain@0.08	shortlist	1	png	Item Film Stand Surintendante Chevalmarin.png		item	furina_pool
surintendante_chevalmarin	ImageGen/images/cards/furina/surintendante_chevalmarin.png	500	380	cover_autocrop	cover@0.06	shortlist	2	gif	Salon Solitaire Ousia Preview.gif	50	vfx	furina_pool
surintendante_chevalmarin	ImageGen/images/cards/furina/surintendante_chevalmarin.png	500	380	cover_autocrop	cover@0.06	shortlist	3	png	Chevalmarin Film Fantasyland.png		splash	furina_pool
mademoiselle_crabaletta	ImageGen/images/cards/furina/mademoiselle_crabaletta.png	500	380	cover_autocrop	cover@0.06	shortlist	1	gif	Salon Solitaire Plunging Water Preview.gif	50	vfx	furina_pool
mademoiselle_crabaletta	ImageGen/images/cards/furina/mademoiselle_crabaletta.png	500	380	cover_autocrop	cover@0.06	shortlist	2	gif	Salon Solitaire Pneuma Preview.gif	50	vfx	furina_pool
dinner_service	ImageGen/images/cards/furina/dinner_service.png	500	380	cover_autocrop	cover@0.06	shortlist	1	png	Namecard Background Furina Banquet.png		splash	furina_pool
dinner_service	ImageGen/images/cards/furina/dinner_service.png	500	380	cover_autocrop	contain@0.08	shortlist	2	png	Item Furina Banquet.png		item	furina_pool
dinner_service	ImageGen/images/cards/furina/dinner_service.png	500	380	cover_autocrop	cover@0.06	shortlist	3	png	Astra Carnival Cat's Tail Gathering 2024 S4 Artwork.png		splash	furina_pool
usher_the_waves	ImageGen/images/cards/furina/usher_the_waves.png	500	380	cover_autocrop	cover@0.06	shortlist	1	png	Archon Quest When All Return to the Waters.png		splash	furina_pool
usher_the_waves	ImageGen/images/cards/furina/usher_the_waves.png	500	380	cover_autocrop	cover@0.06	shortlist	2	png	Calamitous Tread Graphic 2.png		splash	furina_pool
usher_the_waves	ImageGen/images/cards/furina/usher_the_waves.png	500	380	cover_autocrop	cover@0.06	shortlist	3	png	A Wish For Smooth Sailing Quest Still 1.png		splash	furina_pool
torrential_turn	ImageGen/images/cards/furina/torrential_turn.png	500	380	cover_autocrop	cover@0.06	shortlist	1	png	Calamitous Tread Graphic 3.png		splash	furina_pool
torrential_turn	ImageGen/images/cards/furina/torrential_turn.png	500	380	cover_autocrop	cover@0.06	shortlist	2	png	Calamitous Tread Graphic 2.png		splash	furina_pool
torrential_turn	ImageGen/images/cards/furina/torrential_turn.png	500	380	cover_autocrop	cover@0.06	shortlist	3	png	Apocalypse Still 1.png		splash	furina_pool
matinee_performance	ImageGen/images/cards/furina/matinee_performance.png	500	380	cover_autocrop	cover@0.06	shortlist	1	png	Furina Shorts 2023-11-21.png		splash	furina_pool
matinee_performance	ImageGen/images/cards/furina/matinee_performance.png	500	380	cover_autocrop	cover@0.06	shortlist	2	png	Chanson of Many Waters 2024-06-25 - Furina Shorts.png		splash	furina_pool
rising_tide	ImageGen/images/cards/furina/rising_tide.png	500	380	cover_autocrop	cover@0.06	shortlist	1	png	A Wish For Smooth Sailing Quest Still 2.png		splash	furina_pool
rising_tide	ImageGen/images/cards/furina/rising_tide.png	500	380	cover_autocrop	cover@0.06	shortlist	2	png	Calamitous Tread Graphic 4.png		splash	furina_pool
rising_tide	ImageGen/images/cards/furina/rising_tide.png	500	380	cover_autocrop	cover@0.06	shortlist	3	png	Apocalypse Still 1.png		splash	furina_pool
house_call	ImageGen/images/cards/furina/house_call.png	500	380	cover_autocrop	cover@0.06	shortlist	1	png	Tea Time Furina Preview.png		splash	furina_pool
house_call	ImageGen/images/cards/furina/house_call.png	500	380	cover_autocrop	cover@0.06	shortlist	2	png	Suddenly the Rain Stops 2 2.png		splash	furina_pool
house_call	ImageGen/images/cards/furina/house_call.png	500	380	cover_autocrop	cover@0.06	shortlist	3	png	Savoring the Breeze Wallpaper Furina.png		splash	furina_pool
curtain_up	ImageGen/images/cards/furina/curtain_up.png	500	380	cover_autocrop	cover@0.06	shortlist	1	png	Opera Epiclese - After The Forgotten Thief.png		splash	furina_pool
curtain_up	ImageGen/images/cards/furina/curtain_up.png	500	380	cover_autocrop	cover@0.06	shortlist	2	png	Ride the Waves to a Rendezvous in Fontaine Opera Epiclese Concept Art 1.png		splash	furina_pool
curtain_up	ImageGen/images/cards/furina/curtain_up.png	500	380	cover_autocrop	cover@0.06	shortlist	3	png	Opera Epiclese Support Card.png		tcg	furina_pool
dramatic_entrance	ImageGen/images/cards/furina/dramatic_entrance.png	500	380	cover_autocrop	cover@0.06	shortlist	1	png	Icon Emoji Paimon's Paintings 28 Furina 1.png		sticker	furina_pool
dramatic_entrance	ImageGen/images/cards/furina/dramatic_entrance.png	500	380	cover_autocrop	cover@0.06	shortlist	2	png	Version Luna I HoYoPlay Splashscreen 2.png		splash	furina_pool
crowd_work	ImageGen/images/cards/furina/crowd_work.png	500	380	cover_autocrop	cover@0.06	shortlist	1	png	Astra Carnival Cat's Tail Gathering 2024 S5 Artwork.png		splash	furina_pool
crowd_work	ImageGen/images/cards/furina/crowd_work.png	500	380	cover_autocrop	cover@0.06	shortlist	2	png	2024 7 5 amusement park art.png		splash	furina_pool
crowd_work	ImageGen/images/cards/furina/crowd_work.png	500	380	cover_autocrop	cover@0.06	shortlist	3	png	Universal Studios Beijing x Genshin Impact Collab.png		splash	furina_pool
suffering_for_art	ImageGen/images/cards/furina/suffering_for_art.png	500	380	cover_autocrop	cover@0.06	shortlist	1	png	Furina Expression 1.png		sticker	furina_pool
suffering_for_art	ImageGen/images/cards/furina/suffering_for_art.png	500	380	cover_autocrop	cover@0.06	shortlist	2	png	Fragmented Memories Archive 3.png		splash	furina_pool
suffering_for_art	ImageGen/images/cards/furina/suffering_for_art.png	500	380	cover_autocrop	cover@0.06	shortlist	3	png	Icon Emoji Paimon's Paintings 28 Furina 2.png		sticker	furina_pool
thunderous_ovation	ImageGen/images/cards/furina/thunderous_ovation.png	500	380	cover_autocrop	cover@0.06	shortlist	1	png	4th Anniversary Wallpaper 1.png		splash	furina_pool
thunderous_ovation	ImageGen/images/cards/furina/thunderous_ovation.png	500	380	cover_autocrop	cover@0.06	shortlist	2	png	Paimon's Paintings Set 28.png		splash	furina_pool
thunderous_ovation	ImageGen/images/cards/furina/thunderous_ovation.png	500	380	cover_autocrop	cover@0.06	shortlist	3	png	Universal Studios Beijing x Genshin Impact Collab.png		splash	furina_pool
tempo_change	ImageGen/images/cards/furina/tempo_change.png	500	380	cover_autocrop	cover@0.06	shortlist	1	png	Icon Emoji Paimon's Paintings 29 Furina 1.png		sticker	furina_pool
warmup_act	ImageGen/images/cards/furina/warmup_act.png	500	380	cover_autocrop	cover@0.06	shortlist	1	png	Icon Emoji Paimon's Paintings 28 Furina 2.png		sticker	furina_pool
warmup_act	ImageGen/images/cards/furina/warmup_act.png	500	380	cover_autocrop	contain@0.08	shortlist	2	png	Furina Vision.png		item	furina_pool
audience_participation	ImageGen/images/cards/furina/audience_participation.png	500	380	cover_autocrop	cover@0.06	shortlist	1	png	A Commemorative Photo Aether 1.png		splash	furina_pool
audience_participation	ImageGen/images/cards/furina/audience_participation.png	500	380	cover_autocrop	cover@0.06	shortlist	2	png	A Commemorative Photo Lumine 1.png		splash	furina_pool
audience_participation	ImageGen/images/cards/furina/audience_participation.png	500	380	cover_autocrop	cover@0.06	shortlist	3	png	Those We Have Kept Quest Still Aether.png		splash	furina_pool
ebb_and_flow	ImageGen/images/cards/furina/ebb_and_flow.png	500	380	cover_autocrop	cover@0.06	shortlist	1	png	Calamitous Tread Graphic 5.png		splash	furina_pool
ebb_and_flow	ImageGen/images/cards/furina/ebb_and_flow.png	500	380	cover_autocrop	cover@0.06	shortlist	2	png	This Life, Just Like a Light Trickle of Song Still 1 Aether.png		splash	furina_pool
ebb_and_flow	ImageGen/images/cards/furina/ebb_and_flow.png	500	380	cover_autocrop	cover@0.06	shortlist	3	png	Fragmented Memories Puzzle 2.png		splash	furina_pool
curtain_cue	ImageGen/images/cards/furina/curtain_cue.png	500	380	cover_autocrop	cover@0.06	shortlist	1	png	Ride the Waves to a Rendezvous in Fontaine Opera Epiclese Concept Art 2.png		splash	furina_pool
curtain_cue	ImageGen/images/cards/furina/curtain_cue.png	500	380	cover_autocrop	cover@0.06	shortlist	2	png	Opera Epiclese - Neuvillette's Seat.png		splash	furina_pool
curtain_cue	ImageGen/images/cards/furina/curtain_cue.png	500	380	cover_autocrop	cover@0.06	shortlist	3	png	Opera Epiclese Support Card.png		tcg	furina_pool
full_ensemble	ImageGen/images/cards/furina/full_ensemble.png	500	380	cover_autocrop	cover@0.06	shortlist	1	gif	Salon Solitaire Pneuma Preview.gif	50	vfx	furina_pool
full_ensemble	ImageGen/images/cards/furina/full_ensemble.png	500	380	cover_autocrop	cover@0.06	shortlist	2	png	Opera Epiclese Support Card Platinum.png		tcg	furina_pool
grand_salon	ImageGen/images/cards/furina/grand_salon.png	500	380	cover_autocrop	cover@0.06	shortlist	1	png	Opera Epiclese Support Card Platinum.png		tcg	furina_pool
grand_salon	ImageGen/images/cards/furina/grand_salon.png	500	380	cover_autocrop	cover@0.06	shortlist	2	png	Ride the Waves to a Rendezvous in Fontaine Opera Epiclese Concept Art 1.png		splash	furina_pool
grand_salon	ImageGen/images/cards/furina/grand_salon.png	500	380	cover_autocrop	cover@0.06	shortlist	3	png	Fragmented Memories Archive 3.png		splash	furina_pool
many_waters_melody	ImageGen/images/cards/furina/many_waters_melody.png	500	380	cover_autocrop	cover@0.06	shortlist	1	png	Chanson of Many Waters 2023-11-08, Immaculate Pulse 2023-11-08 - Furina & Charlotte Shorts.png		splash	furina_pool
many_waters_melody	ImageGen/images/cards/furina/many_waters_melody.png	500	380	cover_autocrop	cover@0.06	shortlist	2	png	Chanson of Many Waters 2024-06-25 - Furina Shorts.png		splash	furina_pool
many_waters_melody	ImageGen/images/cards/furina/many_waters_melody.png	500	380	cover_autocrop	cover@0.06	shortlist	3	png	This Life, Just Like a Light Trickle of Song Still 2 Aether.png		splash	furina_pool
dress_rehearsal	ImageGen/images/cards/furina/dress_rehearsal.png	500	380	cover_autocrop	cover@0.06	shortlist	1	png	Fragrant Fantasy Furina Wallpaper.png		splash	furina_pool
dress_rehearsal	ImageGen/images/cards/furina/dress_rehearsal.png	500	380	cover_autocrop	cover@0.06	shortlist	2	png	Fragrant Fantasy Wallpaper.png		splash	furina_pool
dress_rehearsal	ImageGen/images/cards/furina/dress_rehearsal.png	500	380	cover_autocrop	cover@0.06	shortlist	3	png	Starlit Letter Wallpaper Furina.png		splash	furina_pool
crashing_waves	ImageGen/images/cards/furina/crashing_waves.png	500	380	cover_autocrop	cover@0.06	shortlist	1	png	Apocalypse Still 4 Aether.png		splash	furina_pool
crashing_waves	ImageGen/images/cards/furina/crashing_waves.png	500	380	cover_autocrop	cover@0.06	shortlist	2	png	Apocalypse Still 4 Lumine.png		splash	furina_pool
crashing_waves	ImageGen/images/cards/furina/crashing_waves.png	500	380	cover_autocrop	cover@0.06	shortlist	3	png	Calamitous Tread Graphic 4.png		splash	furina_pool
overflowing_hospitality	ImageGen/images/cards/furina/overflowing_hospitality.png	500	380	cover_autocrop	contain@0.08	shortlist	1	png	Item Furina Banquet.png		item	furina_pool
overflowing_hospitality	ImageGen/images/cards/furina/overflowing_hospitality.png	500	380	cover_autocrop	cover@0.06	shortlist	2	png	A Commemorative Photo Aether 2.png		splash	furina_pool
overflowing_hospitality	ImageGen/images/cards/furina/overflowing_hospitality.png	500	380	cover_autocrop	cover@0.06	shortlist	3	png	Astra Carnival Cat's Tail Gathering 2024 S4 Artwork.png		splash	furina_pool
waters_embrace	ImageGen/images/cards/furina/waters_embrace.png	500	380	cover	x0.60,y0.42@1.5	shortlist	1	png	Version 4.2 Wallpaper 2.png		splash	furina_pool
waters_embrace	ImageGen/images/cards/furina/waters_embrace.png	500	380	cover_autocrop	cover@0.06	shortlist	2	png	A Wish For Smooth Sailing Quest Still 1.png		splash	furina_pool
waters_embrace	ImageGen/images/cards/furina/waters_embrace.png	500	380	cover_autocrop	cover@0.06	shortlist	3	png	Version 4.2 Wallpaper 2.png		splash	furina_pool
crescendo	ImageGen/images/cards/furina/crescendo.png	500	380	cover_autocrop	cover@0.06	shortlist	1	png	Version Luna VIII HoYoPlay Splashscreen.png		splash	furina_pool
crescendo	ImageGen/images/cards/furina/crescendo.png	500	380	cover_autocrop	cover@0.06	shortlist	2	png	Calamitous Tread Graphic 5.png		splash	furina_pool
crescendo	ImageGen/images/cards/furina/crescendo.png	500	380	cover_autocrop	cover@0.06	shortlist	3	png	Version 4.1 Wallpaper 1.png		splash	furina_pool
showstopper	ImageGen/images/cards/furina/showstopper.png	500	380	cover_autocrop	cover@0.06	shortlist	1	png	VIPAD Furina.png		splash	furina_pool
showstopper	ImageGen/images/cards/furina/showstopper.png	500	380	cover_autocrop	cover@0.06	shortlist	2	png	VIP Ace Detective Wallpaper.png		splash	furina_pool
showstopper	ImageGen/images/cards/furina/showstopper.png	500	380	cover_autocrop	cover@0.06	shortlist	3	png	VIP Ace Detective 1.png		splash	furina_pool
florid_cadenza	ImageGen/images/cards/furina/florid_cadenza.png	500	380	cover_autocrop	cover@0.06	shortlist	1	png	KR Official Radio Artwork 3.png		splash	furina_pool
florid_cadenza	ImageGen/images/cards/furina/florid_cadenza.png	500	380	cover_autocrop	cover@0.06	shortlist	2	png	Genshin Impact Commemorative Shikishi Set. 4 - Furina.png		splash	furina_pool
florid_cadenza	ImageGen/images/cards/furina/florid_cadenza.png	500	380	cover_autocrop	cover@0.06	shortlist	3	png	Paimon's Paintings Set 26.png		splash	furina_pool
hearts_swelling	ImageGen/images/cards/furina/hearts_swelling.png	500	380	cover_autocrop	cover@0.06	shortlist	1	png	This Life, Just Like a Light Trickle of Song Still 1 Lumine.png		splash	furina_pool
hearts_swelling	ImageGen/images/cards/furina/hearts_swelling.png	500	380	cover_autocrop	cover@0.06	shortlist	2	png	Fragmented Memories Archive 3.png		splash	furina_pool
hearts_swelling	ImageGen/images/cards/furina/hearts_swelling.png	500	380	cover_autocrop	cover@0.06	shortlist	3	png	Furina Birthday 2024 - Shorts.png		splash	furina_pool
rapturous_applause	ImageGen/images/cards/furina/rapturous_applause.png	500	380	cover_autocrop	cover@0.06	shortlist	1	png	FCFH Applause and Cheer.png		splash	furina_pool
rapturous_applause	ImageGen/images/cards/furina/rapturous_applause.png	500	380	cover_autocrop	cover@0.06	shortlist	2	png	Astra Carnival Cat's Tail Gathering 2024 S5 Artwork.png		splash	furina_pool
rapturous_applause	ImageGen/images/cards/furina/rapturous_applause.png	500	380	cover_autocrop	cover@0.06	shortlist	3	png	4th Anniversary Wallpaper 3.jpg		splash	furina_pool
pit_orchestra	ImageGen/images/cards/furina/pit_orchestra.png	500	380	cover_autocrop	cover@0.06	shortlist	1	png	Opera Epiclese Support Card Golden.png		tcg	furina_pool
pit_orchestra	ImageGen/images/cards/furina/pit_orchestra.png	500	380	cover_autocrop	cover@0.06	shortlist	2	png	Opera Epiclese - Neuvillette's Seat.png		splash	furina_pool
flood_of_emotion	ImageGen/images/cards/furina/flood_of_emotion.png	500	380	cover_autocrop	cover@0.06	shortlist	1	png	Apocalypse Still 1.png		splash	furina_pool
flood_of_emotion	ImageGen/images/cards/furina/flood_of_emotion.png	500	380	cover_autocrop	cover@0.06	shortlist	2	png	Calamitous Tread Graphic 3.png		splash	furina_pool
flood_of_emotion	ImageGen/images/cards/furina/flood_of_emotion.png	500	380	cover_autocrop	cover@0.06	shortlist	3	png	Archon Quest When All Return to the Waters.png		splash	furina_pool
undercurrent	ImageGen/images/cards/furina/undercurrent.png	500	380	cover_autocrop	cover@0.06	shortlist	1	png	Furina Special Program Chibi.png		sticker	furina_pool
undercurrent	ImageGen/images/cards/furina/undercurrent.png	500	380	cover_autocrop	contain@0.08	shortlist	2	png	Furina Vision.png		item	furina_pool
undercurrent	ImageGen/images/cards/furina/undercurrent.png	500	380	cover_autocrop	cover@0.06	shortlist	3	png	On-Hit Effect Furina.png		vfx	furina_pool
# ---------- FURINA batch 3 (spotlight + token) ----------
# sec.10: distinct props/crops, no identical beams. Hybrid source rule.
an_invitation	ImageGen/images/cards/furina/an_invitation.png	500	380	cover_autocrop	contain@0.08	shortlist	1	png	Item Ball Invitation Letter.png		item	furina_pool
an_invitation	ImageGen/images/cards/furina/an_invitation.png	500	380	cover_autocrop	contain@0.08	shortlist	2	png	Item Event Invitation.png		item	furina_pool
an_invitation	ImageGen/images/cards/furina/an_invitation.png	500	380	cover_autocrop	contain@0.08	shortlist	3	png	Item Invitation to an Auction.png		item	furina_pool
blocking_notes	ImageGen/images/cards/furina/blocking_notes.png	500	380	cover_autocrop	contain@0.08	shortlist	1	png	Case Record Entrances and Exits to the Opera House.png		item	furina_pool
blocking_notes	ImageGen/images/cards/furina/blocking_notes.png	500	380	cover_autocrop	contain@0.08	shortlist	2	png	Item Opera House Switcheroo Case Record.png		item	furina_pool
blocking_notes	ImageGen/images/cards/furina/blocking_notes.png	500	380	cover_autocrop	contain@0.08	shortlist	3	png	Item Theater Tickets.png		item	furina_pool
limelight	ImageGen/images/cards/furina/limelight.png	500	380	cover_autocrop	contain@0.08	shortlist	1	png	Item Shining Spotlight.png		item	furina_pool
limelight	ImageGen/images/cards/furina/limelight.png	500	380	cover_autocrop	contain@0.08	shortlist	2	png	Item Movable Small Spotlight.png		item	furina_pool
limelight	ImageGen/images/cards/furina/limelight.png	500	380	cover_autocrop	contain@0.08	shortlist	3	png	Item Festival Spotlight.png		item	furina_pool
shared_billing	ImageGen/images/cards/furina/shared_billing.png	500	380	cover_autocrop	cover@0.06	shortlist	1	png	Opera Epiclese Support Card.png		tcg	furina_pool
shared_billing	ImageGen/images/cards/furina/shared_billing.png	500	380	cover	y0.30	shortlist	2	png	Opera Epiclese Support Card Golden.png		tcg	furina_pool
shared_billing	ImageGen/images/cards/furina/shared_billing.png	500	380	cover_autocrop	contain@0.08	shortlist	3	png	Item Theater Tickets.png		item	furina_pool
stage_lights	ImageGen/images/cards/furina/stage_lights.png	500	380	cover_autocrop	contain@0.08	shortlist	1	png	Item Movable Small Spotlight.png		item	furina_pool
stage_lights	ImageGen/images/cards/furina/stage_lights.png	500	380	cover_autocrop	contain@0.08	shortlist	2	png	Item Shining Spotlight.png		item	furina_pool
stage_lights	ImageGen/images/cards/furina/stage_lights.png	500	380	cover_autocrop	cover@0.06	shortlist	3	png	Firework - Festival Spotlight.png		vfx	furina_pool
directors_cut	ImageGen/images/cards/furina/directors_cut.png	500	380	cover_autocrop	contain@0.08	shortlist	1	png	Item Opera House Switcheroo Case Record.png		item	furina_pool
directors_cut	ImageGen/images/cards/furina/directors_cut.png	500	380	cover_autocrop	contain@0.08	shortlist	2	png	Case Record Entrances and Exits to the Opera House.png		item	furina_pool
directors_cut	ImageGen/images/cards/furina/directors_cut.png	500	380	cover	y0.30	shortlist	3	png	Opera Epiclese Support Card.png		tcg	furina_pool
duet	ImageGen/images/cards/furina/duet.png	500	380	cover	y0.30	shortlist	1	png	Chanson of Many Waters 2023-11-08, Immaculate Pulse 2023-11-08 - Furina & Charlotte Shorts.png		splash	furina_pool
duet	ImageGen/images/cards/furina/duet.png	500	380	cover	y0.30	shortlist	2	png	Opera Epiclese Support Card Golden.png		tcg	furina_pool
duet	ImageGen/images/cards/furina/duet.png	500	380	cover_autocrop	contain@0.08	shortlist	3	png	Item Theater Tickets.png		item	furina_pool
guest_list	ImageGen/images/cards/furina/guest_list.png	500	380	cover_autocrop	contain@0.08	shortlist	1	png	Item Event Invitation.png		item	furina_pool
guest_list	ImageGen/images/cards/furina/guest_list.png	500	380	cover_autocrop	contain@0.08	shortlist	2	png	Item Ball Invitation Letter.png		item	furina_pool
guest_list	ImageGen/images/cards/furina/guest_list.png	500	380	cover_autocrop	contain@0.08	shortlist	3	png	Item Invitation to an Auction.png		item	furina_pool
leading_role	ImageGen/images/cards/furina/leading_role.png	500	380	cover	y0.16	shortlist	1	png	Character Furina Game (Ousia).png		tcg	furina_pool
leading_role	ImageGen/images/cards/furina/leading_role.png	500	380	cover	y0.30	shortlist	2	png	Opera Epiclese Support Card.png		tcg	furina_pool
leading_role	ImageGen/images/cards/furina/leading_role.png	500	380	cover_autocrop	contain@0.08	shortlist	3	png	Item Festival Spotlight.png		item	furina_pool
standing_ovation	ImageGen/images/cards/furina/standing_ovation.png	500	380	cover	y0.30	shortlist	1	png	Astra Carnival Cat's Tail Gathering 2024 S5 Artwork.png		splash	furina_pool
standing_ovation	ImageGen/images/cards/furina/standing_ovation.png	500	380	cover_autocrop	contain@0.08	shortlist	2	png	Item Theater Tickets.png		item	furina_pool
standing_ovation	ImageGen/images/cards/furina/standing_ovation.png	500	380	cover_autocrop	contain@0.08	shortlist	3	png	Item Festival Spotlight.png		item	furina_pool
supporting_cast	ImageGen/images/cards/furina/supporting_cast.png	500	380	cover	center@1.8	shortlist	1	gif	Salon Solitaire Water Walk Preview.gif	50	vfx	furina_pool
supporting_cast	ImageGen/images/cards/furina/supporting_cast.png	500	380	cover_autocrop	contain@0.08	shortlist	2	png	Item Movable Small Spotlight.png		item	furina_pool
supporting_cast	ImageGen/images/cards/furina/supporting_cast.png	500	380	cover_autocrop	contain@0.08	shortlist	3	png	Item Theater Tickets.png		item	furina_pool
top_billing	ImageGen/images/cards/furina/top_billing.png	500	380	cover	y0.16	shortlist	1	png	Character Furina Game (Pneuma).png		tcg	furina_pool
top_billing	ImageGen/images/cards/furina/top_billing.png	500	380	cover_autocrop	contain@0.08	shortlist	2	png	Item Shining Spotlight.png		item	furina_pool
top_billing	ImageGen/images/cards/furina/top_billing.png	500	380	cover	y0.30	shortlist	3	png	Opera Epiclese Support Card Platinum.png		tcg	furina_pool
ethereal_spotlight	ImageGen/images/cards/furina/ethereal_spotlight.png	500	380	cover_autocrop	cover@0.06	shortlist	1	png	Firework - Festival Spotlight.png		vfx	
ethereal_spotlight	ImageGen/images/cards/furina/ethereal_spotlight.png	500	380	cover_autocrop	contain@0.08	shortlist	2	png	Item Shining Spotlight.png		item	
ethereal_spotlight	ImageGen/images/cards/furina/ethereal_spotlight.png	500	380	cover_autocrop	contain@0.08	shortlist	3	png	Item Festival Spotlight.png		item	
# ---------- COMPANIONS batch 4 (24 cards) ----------
# Mondstadt singles: distinct TCG/Wish per card. Fontaine trios:
# sibling rule -- one Character Card, source_group=<char>, 3 crops (L7).
charlotte_freezing_point	ImageGen/images/cards/companions/charlotte_freezing_point.png	500	380	cover	y0.16	shortlist	1	png	Charlotte Character Card.png		tcg	charlotte
charlotte_freezing_point	ImageGen/images/cards/companions/charlotte_freezing_point.png	500	380	cover	y0.16	shortlist	2	png	Charlotte Character Card Platinum.png		tcg	charlotte
charlotte_freezing_point	ImageGen/images/cards/companions/charlotte_freezing_point.png	500	380	cover	y0.16	shortlist	3	png	Charlotte Character Card Golden.png		tcg	charlotte
charlotte_enduring_frosthelm	ImageGen/images/cards/companions/charlotte_enduring_frosthelm.png	500	380	cover_autocrop	cover@0.06	shortlist	1	png	Charlotte Wish.png		splash	charlotte
charlotte_enduring_frosthelm	ImageGen/images/cards/companions/charlotte_enduring_frosthelm.png	500	380	cover	y0.16	shortlist	2	png	Charlotte Character Card Platinum.png		tcg	charlotte
charlotte_enduring_frosthelm	ImageGen/images/cards/companions/charlotte_enduring_frosthelm.png	500	380	cover	y0.16	shortlist	3	png	Charlotte Character Card Golden.png		tcg	charlotte
charlotte_snappy_silhouette	ImageGen/images/cards/companions/charlotte_snappy_silhouette.png	500	380	cover_autocrop	cover@0.06	shortlist	1	png	Character Charlotte Hurlock Variations Full Wish.png		splash	charlotte
charlotte_snappy_silhouette	ImageGen/images/cards/companions/charlotte_snappy_silhouette.png	500	380	cover	y0.16	shortlist	2	png	Charlotte Character Card Platinum.png		tcg	charlotte
charlotte_snappy_silhouette	ImageGen/images/cards/companions/charlotte_snappy_silhouette.png	500	380	cover	y0.16	shortlist	3	png	Charlotte Character Card Golden.png		tcg	charlotte
chevreuse_interdiction_fire	ImageGen/images/cards/companions/chevreuse_interdiction_fire.png	500	380	cover	y0.16	shortlist	1	png	Chevreuse Character Card.png		tcg	chevreuse
chevreuse_interdiction_fire	ImageGen/images/cards/companions/chevreuse_interdiction_fire.png	500	380	cover	y0.16	shortlist	2	png	Chevreuse Character Card Platinum.png		tcg	chevreuse
chevreuse_interdiction_fire	ImageGen/images/cards/companions/chevreuse_interdiction_fire.png	500	380	cover	y0.16	shortlist	3	png	Chevreuse Character Card Golden.png		tcg	chevreuse
chevreuse_vanguards_valor	ImageGen/images/cards/companions/chevreuse_vanguards_valor.png	500	380	cover_autocrop	cover@0.06	shortlist	1	png	Chevreuse Wish.png		splash	chevreuse
chevreuse_vanguards_valor	ImageGen/images/cards/companions/chevreuse_vanguards_valor.png	500	380	cover	y0.16	shortlist	2	png	Chevreuse Character Card Platinum.png		tcg	chevreuse
chevreuse_vanguards_valor	ImageGen/images/cards/companions/chevreuse_vanguards_valor.png	500	380	cover	y0.16	shortlist	3	png	Chevreuse Character Card Golden.png		tcg	chevreuse
chevreuse_bursting_grenades	ImageGen/images/cards/companions/chevreuse_bursting_grenades.png	500	380	cover_autocrop	cover@0.06	shortlist	1	png	Character Chevreuse Full Wish.png		splash	chevreuse
chevreuse_bursting_grenades	ImageGen/images/cards/companions/chevreuse_bursting_grenades.png	500	380	cover	y0.16	shortlist	2	png	Chevreuse Character Card Platinum.png		tcg	chevreuse
chevreuse_bursting_grenades	ImageGen/images/cards/companions/chevreuse_bursting_grenades.png	500	380	cover	y0.16	shortlist	3	png	Chevreuse Character Card Golden.png		tcg	chevreuse
freminet_pers_deploy	ImageGen/images/cards/companions/freminet_pers_deploy.png	500	380	cover	y0.16	shortlist	1	png	Freminet Character Card.png		tcg	freminet
freminet_pers_deploy	ImageGen/images/cards/companions/freminet_pers_deploy.png	500	380	cover	y0.16	shortlist	2	png	Freminet Character Card Platinum.png		tcg	freminet
freminet_pers_deploy	ImageGen/images/cards/companions/freminet_pers_deploy.png	500	380	cover	y0.16	shortlist	3	png	Freminet Character Card Golden.png		tcg	freminet
freminet_pressurized_floe	ImageGen/images/cards/companions/freminet_pressurized_floe.png	500	380	cover_autocrop	cover@0.06	shortlist	1	png	Freminet Wish.png		splash	freminet
freminet_pressurized_floe	ImageGen/images/cards/companions/freminet_pressurized_floe.png	500	380	cover	y0.16	shortlist	2	png	Freminet Character Card Platinum.png		tcg	freminet
freminet_pressurized_floe	ImageGen/images/cards/companions/freminet_pressurized_floe.png	500	380	cover	y0.16	shortlist	3	png	Freminet Character Card Golden.png		tcg	freminet
freminet_shattering_pressure	ImageGen/images/cards/companions/freminet_shattering_pressure.png	500	380	cover_autocrop	cover@0.06	shortlist	1	png	Character Freminet Full Wish.png		splash	freminet
freminet_shattering_pressure	ImageGen/images/cards/companions/freminet_shattering_pressure.png	500	380	cover	y0.16	shortlist	2	png	Freminet Character Card Platinum.png		tcg	freminet
freminet_shattering_pressure	ImageGen/images/cards/companions/freminet_shattering_pressure.png	500	380	cover	y0.16	shortlist	3	png	Freminet Character Card Golden.png		tcg	freminet
guest_neuvillette_tears	ImageGen/images/cards/companions/guest_neuvillette_tears.png	500	380	cover	y0.16	shortlist	1	png	Neuvillette Character Card.png		tcg	neuvillette
guest_neuvillette_tears	ImageGen/images/cards/companions/guest_neuvillette_tears.png	500	380	cover	y0.16	shortlist	2	png	Neuvillette Character Card Platinum.png		tcg	neuvillette
guest_neuvillette_tears	ImageGen/images/cards/companions/guest_neuvillette_tears.png	500	380	cover	y0.16	shortlist	3	png	Neuvillette Character Card Golden.png		tcg	neuvillette
guest_neuvillette_droplets	ImageGen/images/cards/companions/guest_neuvillette_droplets.png	500	380	cover_autocrop	cover@0.06	shortlist	1	png	Neuvillette Wish.png		splash	neuvillette
guest_neuvillette_droplets	ImageGen/images/cards/companions/guest_neuvillette_droplets.png	500	380	cover	y0.16	shortlist	2	png	Neuvillette Character Card Platinum.png		tcg	neuvillette
guest_neuvillette_droplets	ImageGen/images/cards/companions/guest_neuvillette_droplets.png	500	380	cover	y0.16	shortlist	3	png	Neuvillette Character Card Golden.png		tcg	neuvillette
guest_neuvillette_judgment	ImageGen/images/cards/companions/guest_neuvillette_judgment.png	500	380	cover_autocrop	cover@0.06	shortlist	1	png	Character Neuvillette Full Wish.png		splash	neuvillette
guest_neuvillette_judgment	ImageGen/images/cards/companions/guest_neuvillette_judgment.png	500	380	cover	y0.16	shortlist	2	png	Neuvillette Character Card Platinum.png		tcg	neuvillette
guest_neuvillette_judgment	ImageGen/images/cards/companions/guest_neuvillette_judgment.png	500	380	cover	y0.16	shortlist	3	png	Neuvillette Character Card Golden.png		tcg	neuvillette
lynette_enigmatic_feint	ImageGen/images/cards/companions/lynette_enigmatic_feint.png	500	380	cover	y0.16	shortlist	1	png	Lynette Character Card.png		tcg	lynette
lynette_enigmatic_feint	ImageGen/images/cards/companions/lynette_enigmatic_feint.png	500	380	cover	y0.16	shortlist	2	png	Lynette Character Card Platinum.png		tcg	lynette
lynette_enigmatic_feint	ImageGen/images/cards/companions/lynette_enigmatic_feint.png	500	380	cover	y0.16	shortlist	3	png	Lynette Character Card Golden.png		tcg	lynette
lynette_box_trick	ImageGen/images/cards/companions/lynette_box_trick.png	500	380	cover_autocrop	cover@0.06	shortlist	1	png	Lynette Wish.png		splash	lynette
lynette_box_trick	ImageGen/images/cards/companions/lynette_box_trick.png	500	380	cover	y0.16	shortlist	2	png	Lynette Character Card Platinum.png		tcg	lynette
lynette_box_trick	ImageGen/images/cards/companions/lynette_box_trick.png	500	380	cover	y0.16	shortlist	3	png	Lynette Character Card Golden.png		tcg	lynette
lynette_astonishing_shift	ImageGen/images/cards/companions/lynette_astonishing_shift.png	500	380	cover_autocrop	cover@0.06	shortlist	1	png	Character Lynette Full Wish.png		splash	lynette
lynette_astonishing_shift	ImageGen/images/cards/companions/lynette_astonishing_shift.png	500	380	cover	y0.16	shortlist	2	png	Lynette Character Card Platinum.png		tcg	lynette
lynette_astonishing_shift	ImageGen/images/cards/companions/lynette_astonishing_shift.png	500	380	cover	y0.16	shortlist	3	png	Lynette Character Card Golden.png		tcg	lynette
albedo_solar_isotoma	ImageGen/images/cards/companions/albedo_solar_isotoma.png	500	380	cover	y0.16	shortlist	1	png	Albedo Character Card.png		tcg	albedo
albedo_solar_isotoma	ImageGen/images/cards/companions/albedo_solar_isotoma.png	500	380	cover_autocrop	cover@0.06	shortlist	2	png	Albedo Introduction Card.png		tcg	albedo
albedo_solar_isotoma	ImageGen/images/cards/companions/albedo_solar_isotoma.png	500	380	cover_autocrop	cover@0.06	shortlist	3	png	Albedo Character Card Showcase 1.png		tcg	albedo
barbara_shining_idol	ImageGen/images/cards/companions/barbara_shining_idol.png	500	380	cover	y0.16	shortlist	1	png	Barbara Character Card.png		tcg	barbara
barbara_shining_idol	ImageGen/images/cards/companions/barbara_shining_idol.png	500	380	cover_autocrop	cover@0.06	shortlist	2	png	Barbara Card.png		tcg	barbara
barbara_shining_idol	ImageGen/images/cards/companions/barbara_shining_idol.png	500	380	cover_autocrop	cover@0.06	shortlist	3	png	Barbara Introduction Card.png		tcg	barbara
bennett_fantastic_voyage	ImageGen/images/cards/companions/bennett_fantastic_voyage.png	500	380	cover	y0.16	shortlist	1	png	Bennett Character Card.png		tcg	bennett
bennett_fantastic_voyage	ImageGen/images/cards/companions/bennett_fantastic_voyage.png	500	380	cover_autocrop	cover@0.06	shortlist	2	png	Bennett Card.png		tcg	bennett
bennett_fantastic_voyage	ImageGen/images/cards/companions/bennett_fantastic_voyage.png	500	380	cover_autocrop	cover@0.06	shortlist	3	png	Bennett Introduction Card.png		tcg	bennett
diona_icy_paws	ImageGen/images/cards/companions/diona_icy_paws.png	500	380	cover	y0.16	shortlist	1	png	Diona Character Card.png		tcg	diona
diona_icy_paws	ImageGen/images/cards/companions/diona_icy_paws.png	500	380	cover_autocrop	cover@0.06	shortlist	2	png	Diona Introduction Card.png		tcg	diona
diona_icy_paws	ImageGen/images/cards/companions/diona_icy_paws.png	500	380	cover_autocrop	cover@0.06	shortlist	3	png	Diona Card.png		tcg	diona
durin_witchs_flame	ImageGen/images/cards/companions/durin_witchs_flame.png	500	380	cover	y0.16	shortlist	1	png	Durin.png		splash	durin
durin_witchs_flame	ImageGen/images/cards/companions/durin_witchs_flame.png	500	380	cover_autocrop	cover@0.06	shortlist	2	png	Durin Character Details 1.png		splash	durin
durin_witchs_flame	ImageGen/images/cards/companions/durin_witchs_flame.png	500	380	cover_autocrop	cover@0.06	shortlist	3	png	Durin Item.png		splash	durin
fischl_oz	ImageGen/images/cards/companions/fischl_oz.png	500	380	cover	y0.16	shortlist	1	png	Fischl Character Card.png		tcg	fischl
fischl_oz	ImageGen/images/cards/companions/fischl_oz.png	500	380	cover_autocrop	cover@0.06	shortlist	2	png	Fischl Card.png		tcg	fischl
fischl_oz	ImageGen/images/cards/companions/fischl_oz.png	500	380	cover_autocrop	cover@0.06	shortlist	3	png	Fischl Introduction Card.png		tcg	fischl
nicole_celestial_gift	ImageGen/images/cards/companions/nicole_celestial_gift.png	500	380	cover	y0.16	shortlist	1	png	Character Nicole Game.png		splash	nicole
nicole_celestial_gift	ImageGen/images/cards/companions/nicole_celestial_gift.png	500	380	cover_autocrop	cover@0.06	shortlist	2	png	Nicole Introduction Card.png		splash	nicole
nicole_celestial_gift	ImageGen/images/cards/companions/nicole_celestial_gift.png	500	380	cover_autocrop	cover@0.06	shortlist	3	png	Nicole Icon.png		splash	nicole
sucrose_astable	ImageGen/images/cards/companions/sucrose_astable.png	500	380	cover	y0.16	shortlist	1	png	Sucrose Character Card.png		tcg	sucrose
sucrose_astable	ImageGen/images/cards/companions/sucrose_astable.png	500	380	cover_autocrop	cover@0.06	shortlist	2	png	Sucrose Card.png		tcg	sucrose
sucrose_astable	ImageGen/images/cards/companions/sucrose_astable.png	500	380	cover_autocrop	cover@0.06	shortlist	3	png	Sucrose Introduction Card.png		tcg	sucrose
dahlia_favonian_favor	ImageGen/images/cards/companions/dahlia_favonian_favor.png	500	380	cover	y0.16	shortlist	1	png	Dahlia Wish.png		splash	dahlia
dahlia_favonian_favor	ImageGen/images/cards/companions/dahlia_favonian_favor.png	500	380	cover_autocrop	cover@0.06	shortlist	2	png	Character Dahlia Full Wish.png		splash	dahlia
dahlia_favonian_favor	ImageGen/images/cards/companions/dahlia_favonian_favor.png	500	380	cover_autocrop	cover@0.06	shortlist	3	png	Dahlia Character Card.png		splash	dahlia
# ---------- FURINA non-card assets (sec.8): character UI + combat model ----------
# Mirrors Klee's proven ui/model rows with Furina sources so the build stops
# falling back to Klee art. select_bg + transition_wipe intentionally stay the
# shared/procedural fallback (sec.8 sanctions this); locked portrait auto-derives.
furina_select_portrait	ImageGen/images/furina/ui/select_portrait.png	132	195	cover	y0.20@1.9	auto	1	png	Furina Profile.png		splash
furina_char_icon	ImageGen/images/furina/ui/char_icon.png	88	88	cover	y0.22@2.3	auto	1	png	Furina Profile.png		splash
furina_map_marker	ImageGen/images/furina/ui/map_marker.png	49	64	cover	y0.22@2.3	auto	1	png	Furina Profile.png		splash
furina_selection_splash	ImageGen/images/furina/ui/selection_splash.png	1920	1200	cover_autocrop	cover@0.06	auto	1	png	Furina Wish.png		splash
furina_combat_model	ImageGen/images/furina/model/combat_model.png	240	280	sprite	center	auto	1	png	Furina Profile.png		splash
# ---------- KLEE gap fill: 21 post-rebalance cards (strict L1) ----------
pop	ImageGen/images/cards/klee/pop.png	500	380	cover_autocrop	cover@0.06	shortlist	1	png	Starlit Sky Firework Card 11.png		splash
chain_fuse	ImageGen/images/cards/klee/chain_fuse.png	500	380	cover_autocrop	cover@0.06	shortlist	1	png	Starlit Sky Firework Card 3.png		splash
careful_arrangement	ImageGen/images/cards/klee/careful_arrangement.png	500	380	cover_autocrop	cover@0.06	shortlist	1	png	Starlit Sky Firework Card 4.png		splash
trip_wire	ImageGen/images/cards/klee/trip_wire.png	500	380	cover_autocrop	cover@0.06	shortlist	1	png	Starlit Sky Firework Card 5.png		splash
controlled_demolition	ImageGen/images/cards/klee/controlled_demolition.png	500	380	cover_autocrop	cover@0.06	shortlist	1	png	Starlit Sky Firework Card 6.png		splash
chained_reactions	ImageGen/images/cards/klee/chained_reactions.png	500	380	cover_autocrop	cover@0.06	shortlist	1	png	Starlit Sky Firework Card 7.png		splash
sparkly_explosion	ImageGen/images/cards/klee/sparkly_explosion.png	500	380	cover_autocrop	cover@0.06	shortlist	1	png	Starlit Sky Firework Card 1.png		splash
grand_finale	ImageGen/images/cards/klee/grand_finale.png	500	380	cover_autocrop	cover@0.06	shortlist	1	png	Starlit Sky Firework Card 8.png		splash
tail_of_flame	ImageGen/images/cards/klee/tail_of_flame.png	500	380	cover_autocrop	cover@0.06	shortlist	1	png	Starlit Sky Firework Card 9.png		splash
sugar_rush	ImageGen/images/cards/klee/sugar_rush.png	500	380	cover_autocrop	cover@0.06	shortlist	1	png	Sparkling Steps 2021-06-09 - Klee Emoji 1.png		sticker
study_of_explosions	ImageGen/images/cards/klee/study_of_explosions.png	500	380	cover_autocrop	cover@0.06	shortlist	1	png	Let's Go Dodoco! Illustration 2.png		splash
friendly_visit	ImageGen/images/cards/klee/friendly_visit.png	500	380	cover_autocrop	cover@0.06	shortlist	1	png	Let's Go Dodoco! Illustration 3.png		splash
borrowed_brilliance	ImageGen/images/cards/klee/borrowed_brilliance.png	500	380	cover_autocrop	cover@0.06	shortlist	1	png	Let's Go Dodoco! Illustration 4.png		splash
study_buddy	ImageGen/images/cards/klee/study_buddy.png	500	380	cover_autocrop	cover@0.06	shortlist	1	png	Let's Go Dodoco! Illustration 5.png		splash
best_friends_forever	ImageGen/images/cards/klee/best_friends_forever.png	500	380	cover_autocrop	cover@0.06	shortlist	1	png	Let's Go Dodoco! Illustration 1.png		splash
spooked	ImageGen/images/cards/klee/spooked.png	500	380	cover_autocrop	cover@0.06	shortlist	1	png	App Store Event Character Wallpaper Klee Version 3.8.png		splash
patched_dress	ImageGen/images/cards/klee/patched_dress.png	500	380	cover_autocrop	contain@0.08	shortlist	1	png	Klee Item.png		item
dodge_roll	ImageGen/images/cards/klee/dodge_roll.png	500	380	cover_autocrop	cover@0.06	shortlist	1	png	Icon Emoji Paimon's Paintings 07 Klee 4.png		sticker
bright_idea	ImageGen/images/cards/klee/bright_idea.png	500	380	cover_autocrop	contain@0.08	shortlist	1	png	Item Dodoco's Sparks 'n' Splash.png		item
surprise_visit	ImageGen/images/cards/klee/surprise_visit.png	500	380	cover_autocrop	cover@0.06	shortlist	1	png	Sparkling Steps 2021-06-09 - Klee Emoji 2.png		sticker
fish_blasting	ImageGen/images/cards/klee/fish_blasting.png	500	380	cover_autocrop	contain@0.08	shortlist	1	png	Item Dodoco's Beach Nap.png		item
# Furina character-select backdrop -- her own Fontaine namecard so the select
# screen stops falling back to Klee's red Explosive namecard (2026-07-23).
furina_select_bg	ImageGen/images/furina/ui/select_bg.png	1920	1080	cover	center	auto	1	png	Namecard Background Furina Banquet.png		splash

# ---------- COMPANION POWER ICONS (2026-07-24 sweep: these four powers had
#            no KleePowerIcons case at all and rendered the base placeholder) ----------
power_oz_summon	ImageGen/images/powers/oz_summon.png	256	256	contain	center	shortlist	1	png	Oz Summon.png		icon
power_oz_summon	ImageGen/images/powers/oz_summon.png	256	256	contain	center	shortlist	2	png	Talent Nightrider.png		icon
power_oz_summon	ImageGen/images/powers/oz_summon.png	256	256	contain	center	shortlist	3	png	Constellation Evernight Raven.png		icon
power_solar_isotoma	ImageGen/images/powers/solar_isotoma.png	256	256	contain	center	shortlist	1	png	Talent Abiogenesis Solar Isotoma.png		icon
power_solar_isotoma	ImageGen/images/powers/solar_isotoma.png	256	256	contain	center	shortlist	2	png	Solar Isotoma Summon.png		icon
power_witchs_flame	ImageGen/images/powers/witchs_flame.png	256	256	contain	center	shortlist	1	png	Durin Item.png		icon
power_witchs_flame	ImageGen/images/powers/witchs_flame.png	256	256	contain	center	shortlist	2	png	Durin.png		icon
power_celestial_gift	ImageGen/images/powers/celestial_gift.png	256	256	contain	center	shortlist	1	png	Nicole Icon.png		icon
power_celestial_gift	ImageGen/images/powers/celestial_gift.png	256	256	contain	center	shortlist	2	png	Icon Emoji Paimon's Paintings 50 Nicole 1.png		icon
# ---------- FURINA RELIC ICON (was falling back to the Silent's snake_ring,
#            which Furina can also hold: two relics, one icon) ----------
relic_ethereal_spotlight	ImageGen/images/relics/ethereal_spotlight.png	256	256	contain	center	shortlist	1	png	Item Shining Spotlight.png		icon
relic_ethereal_spotlight	ImageGen/images/relics/ethereal_spotlight.png	256	256	contain	center	shortlist	2	png	Item Festival Spotlight.png		icon
relic_ethereal_spotlight	ImageGen/images/relics/ethereal_spotlight.png	256	256	contain	center	shortlist	3	png	Item Theater Tickets.png		icon
# ---------- STANDING ROOM ONLY (the one card with no art; Furina common, so
#            crop-reuse pool per the ratified scarcity rule) ----------
standing_room_only	ImageGen/images/cards/furina/standing_room_only.png	500	380	cover_autocrop	contain@0.08	shortlist	1	png	Item Theater Tickets.png		item	furina_pool
standing_room_only	ImageGen/images/cards/furina/standing_room_only.png	500	380	cover_autocrop	contain@0.08	shortlist	2	png	The Opera of Noirceur and Blancheur Ticket.png		item	furina_pool
standing_room_only	ImageGen/images/cards/furina/standing_room_only.png	500	380	cover	y0.30	shortlist	3	png	Opera Epiclese.png		splash	furina_pool
